{"cameraMode":{"drawMode":0,"name":"Shaded","section":"Shading Mode"},"sceneLighting":true,"audioPlay":false,"sceneViewState":{"m_AlwaysRefresh":false,"showFog":true,"showSkybox":true,"showFlares":true,"showImageEffects":true,"showParticleSystems":true,"showVisualEffectGraphs":true,"m_FxEnabled":true},"in2DMode":false,"pivot":{"x":-0.7345640659332275,"y":0.7726582288742065,"z":4.02830696105957},"rotation":{"x":0.12219946086406708,"y":-0.16239234805107118,"z":0.020456470549106599,"w":0.9789871573448181},"size":2.562152147293091,"orthographic":false}